<?xml version="1.0" encoding="utf-8"?>
<odoo>
    <record id="odooplm_module_category" model="ir.module.category">
        <field name="name">OdooPLM</field>
    </record>

    <!-- View User  -->
    <record id="group_plm_view_user" model="res.groups">
        <field name="name">View User</field>
        <field name="category_id" ref="odooplm_module_category"/>
        <field name="implied_ids" eval="[(4, ref('mrp.group_mrp_user'))]"/>
    </record>
    
    <!-- Integration User  -->
    <record id="group_plm_integration_user" model="res.groups">
        <field name="name">Integration User</field>
        <field name="category_id" ref="odooplm_module_category"/>
        <field name="implied_ids" eval="[(4, ref('group_plm_view_user'))]"/>
    </record>
    
    <!-- Administrator  -->
    <record id="group_plm_admin" model="res.groups">
        <field name="name">Administrator</field>
        <field name="category_id" ref="odooplm_module_category"/>
        <field name="implied_ids" eval="[(4, ref('group_plm_integration_user'))]"/>
        <field name="users" eval="[(4, ref('base.user_root')), (4, ref('base.user_admin'))]"/>
    </record>
    
<!-- readonly_released  -->
    <record id="group_plm_readonly_released" model="res.groups">
        <field name="name">PLM Integration Readonly</field>
        <field name="category_id" ref="odooplm_module_category"/>
        <field name="implied_ids" eval="[(4, ref('group_plm_integration_user'))]"/>
    </record>

    <record id="group_plm_release_users" model="res.groups">
        <field name="name">PLM / Release Users</field>
        <field name="category_id" ref="plm.odooplm_module_category"/>
        <field name="users" eval="[(4, ref('base.user_root')), (4, ref('base.user_admin'))]"/>
    </record>

    <record id="group_plm_force_wf" model="res.groups">
        <field name="name">PLM / Force Workflow</field>
        <field name="category_id" ref="plm.odooplm_module_category"/>
        <field name="users" eval="[(4, ref('base.user_root')), (4, ref('base.user_admin'))]"/>
    </record>

<!-- product.product  -->
    <record id="plm_product_product_view" model="ir.model.access">
        <field name="name">PLM Product Product</field>
        <field name="model_id" ref="model_product_product"/>
        <field name="group_id" eval="group_plm_view_user"/>
        <field name="perm_read" eval="1"/>
        <field name="perm_write" eval="0"/>
        <field name="perm_create" eval="0"/>
        <field name="perm_unlink" eval="0"/>
    </record>
    <record id="plm_product_product_integration" model="ir.model.access">
        <field name="name">Product Product</field>
        <field name="model_id" ref="model_product_product"/>
        <field name="group_id" eval="group_plm_integration_user"/>
        <field name="perm_read" eval="1"/>
        <field name="perm_write" eval="1"/>
        <field name="perm_create" eval="1"/>
        <field name="perm_unlink" eval="1"/>
    </record>
    
    <record id="group_plm_readonly_released_rule_component" model="ir.rule">
        <field name="name">NoWrite / NoDelete PLM Component Released</field>
        <field name="model_id" ref="model_product_product"/>
        <field name="active" eval="1"/>
        <field name="perm_unlink" eval="1"/>
        <field name="perm_read" eval="0"/>
        <field name="perm_write" eval="0"/>
        <field name="perm_create" eval="0"/>
        <field name="domain_force" eval="[('state','not in',['draft', False])]"/>
        <field name="groups" eval="[(4, ref('group_plm_readonly_released'))]"/>
    </record>
    
    

<!-- mrp.bom.line  -->
    <record id="plm_mrp_bom_line_view" model="ir.model.access">
        <field name="name">PLM Mrp Bom Line</field>
        <field name="model_id" ref="model_mrp_bom_line"/>
        <field name="group_id" eval="group_plm_view_user"/>
        <field name="perm_read" eval="1"/>
        <field name="perm_write" eval="0"/>
        <field name="perm_create" eval="0"/>
        <field name="perm_unlink" eval="0"/>
    </record>
    <record id="plm_mrp_bom_line_integration" model="ir.model.access">
        <field name="name">MRP Bom Line</field>
        <field name="model_id" ref="model_mrp_bom_line"/>
        <field name="group_id" eval="group_plm_integration_user"/>
        <field name="perm_read" eval="1"/>
        <field name="perm_write" eval="1"/>
        <field name="perm_create" eval="1"/>
        <field name="perm_unlink" eval="1"/>
    </record>
    
    
    
<!-- mrp.bom  -->
    <record id="plm_mrp_bom_view" model="ir.model.access">
        <field name="name">PLM Mrp Bom</field>
        <field name="model_id" ref="model_mrp_bom"/>
        <field name="group_id" eval="group_plm_view_user"/>
        <field name="perm_read" eval="1"/>
        <field name="perm_write" eval="0"/>
        <field name="perm_create" eval="0"/>
        <field name="perm_unlink" eval="0"/>
    </record>
    <record id="plm_mrp_bom_integration" model="ir.model.access">
        <field name="name">MRP Bom</field>
        <field name="model_id" ref="model_mrp_bom"/>
        <field name="group_id" eval="group_plm_integration_user"/>
        <field name="perm_read" eval="1"/>
        <field name="perm_write" eval="1"/>
        <field name="perm_create" eval="1"/>
        <field name="perm_unlink" eval="1"/>
    </record>
    
    <record id="group_plm_readonly_released_rule_bom" model="ir.rule">
        <field name="name">NoWrite / NoDelete PLM BOM Released</field>
        <field name="model_id" ref="model_mrp_bom"/>
        <field name="active" eval="1"/>
        <field name="perm_unlink" eval="1"/>
        <field name="perm_read" eval="0"/>
        <field name="perm_write" eval="0"/>
        <field name="perm_create" eval="0"/>
        <field name="domain_force" eval="[('state','not in',['draft', False])]"/>
        <field name="groups" eval="[(4, ref('group_plm_readonly_released'))]"/>
    </record>
    
    
    
    
<!-- ir.attachment  -->
    <record id="plm_ir_attachment_view" model="ir.model.access">
        <field name="name">PLM Document</field>
        <field name="model_id" ref="model_ir_attachment"/>
        <field name="group_id" eval="group_plm_view_user"/>
        <field name="perm_read" eval="1"/>
        <field name="perm_write" eval="0"/>
        <field name="perm_create" eval="0"/>
        <field name="perm_unlink" eval="0"/>
    </record>
    <record id="plm_ir_attachment_integration" model="ir.model.access">
        <field name="name">PLM Document</field>
        <field name="model_id" ref="model_ir_attachment"/>
        <field name="group_id" eval="group_plm_integration_user"/>
        <field name="perm_read" eval="1"/>
        <field name="perm_write" eval="1"/>
        <field name="perm_create" eval="1"/>
        <field name="perm_unlink" eval="0"/>
    </record>
    <record id="plm_ir_attachment_admin" model="ir.model.access">
        <field name="name">PLM Document</field>
        <field name="model_id" ref="model_ir_attachment"/>
        <field name="group_id" eval="group_plm_admin"/>
        <field name="perm_read" eval="1"/>
        <field name="perm_write" eval="1"/>
        <field name="perm_create" eval="1"/>
        <field name="perm_unlink" eval="1"/>
    </record>
    
    <record id="group_plm_readonly_released_rule_document" model="ir.rule">
        <field name="name">NoWrite / NoDelete PLM Document Released</field>
        <field name="model_id" ref="model_ir_attachment"/>
        <field name="active" eval="1"/>
        <field name="perm_unlink" eval="1"/>
        <field name="perm_read" eval="0"/>
        <field name="perm_write" eval="0"/>
        <field name="perm_create" eval="0"/>
        <field name="domain_force" eval="[('state','not in',['draft', False]), ('is_plm','=', True)]"/>
        <field name="groups" eval="[(4, ref('group_plm_readonly_released'))]"/>
    </record>
    
    
    
    
<!-- plm.backupdoc  -->
    <record id="plm_backupdoc_view" model="ir.model.access">
        <field name="name">PLM Back Up Document</field>
        <field name="model_id" ref="model_plm_backupdoc"/>
        <field name="group_id" eval="group_plm_view_user"/>
        <field name="perm_read" eval="1"/>
        <field name="perm_write" eval="0"/>
        <field name="perm_create" eval="0"/>
        <field name="perm_unlink" eval="0"/>
    </record>
    <record id="plm_backupdoc_integration" model="ir.model.access">
        <field name="name">PLM Back Up Document</field>
        <field name="model_id" ref="model_plm_backupdoc"/>
        <field name="group_id" eval="group_plm_integration_user"/>
        <field name="perm_read" eval="1"/>
        <field name="perm_write" eval="1"/>
        <field name="perm_create" eval="1"/>
        <field name="perm_unlink" eval="0"/>
    </record>
    <record id="plm_backupdoc_admin" model="ir.model.access">
        <field name="name">PLM Back Up Document</field>
        <field name="model_id" ref="model_plm_backupdoc"/>
        <field name="group_id" eval="group_plm_admin"/>
        <field name="perm_read" eval="1"/>
        <field name="perm_write" eval="1"/>
        <field name="perm_create" eval="1"/>
        <field name="perm_unlink" eval="1"/>
    </record>
    
    
    
    
<!-- plm.checkout  -->
    <record id="plm_checkout_view" model="ir.model.access">
        <field name="name">PLM Check Out</field>
        <field name="model_id" ref="model_plm_checkout"/>
        <field name="group_id" eval="group_plm_view_user"/>
        <field name="perm_read" eval="1"/>
        <field name="perm_write" eval="0"/>
        <field name="perm_create" eval="0"/>
        <field name="perm_unlink" eval="0"/>
    </record>
    <record id="plm_checkout_integration" model="ir.model.access">
        <field name="name">PLM Check Out</field>
        <field name="model_id" ref="model_plm_checkout"/>
        <field name="group_id" eval="group_plm_integration_user"/>
        <field name="perm_read" eval="1"/>
        <field name="perm_write" eval="1"/>
        <field name="perm_create" eval="1"/>
        <field name="perm_unlink" eval="0"/>
    </record>
    <record id="plm_checkout_integration" model="ir.model.access">
        <field name="name">PLM Check Out</field>
        <field name="model_id" ref="model_plm_checkout"/>
        <field name="group_id" eval="group_plm_integration_user"/>
        <field name="perm_read" eval="1"/>
        <field name="perm_write" eval="1"/>
        <field name="perm_create" eval="1"/>
        <field name="perm_unlink" eval="1"/>
    </record>
    
    
    
    
<!-- plm.description  -->
    <record id="plm_description_view" model="ir.model.access">
        <field name="name">PLM Description</field>
        <field name="model_id" ref="model_plm_description"/>
        <field name="group_id" eval="group_plm_view_user"/>
        <field name="perm_read" eval="1"/>
        <field name="perm_write" eval="0"/>
        <field name="perm_create" eval="0"/>
        <field name="perm_unlink" eval="0"/>
    </record>
    <record id="plm_description_integration" model="ir.model.access">
        <field name="name">PLM Description</field>
        <field name="model_id" ref="model_plm_description"/>
        <field name="group_id" eval="group_plm_integration_user"/>
        <field name="perm_read" eval="1"/>
        <field name="perm_write" eval="1"/>
        <field name="perm_create" eval="1"/>
        <field name="perm_unlink" eval="0"/>
    </record>
    <record id="plm_description_admin" model="ir.model.access">
        <field name="name">PLM Description</field>
        <field name="model_id" ref="model_plm_description"/>
        <field name="group_id" eval="group_plm_admin"/>
        <field name="perm_read" eval="1"/>
        <field name="perm_write" eval="1"/>
        <field name="perm_create" eval="1"/>
        <field name="perm_unlink" eval="1"/>
    </record>
    
    
    
    
<!-- ir.attachment.relation  -->
    <record id="plm_ir_attachment_relation_view" model="ir.model.access">
        <field name="name">PLM Document relation</field>
        <field name="model_id" ref="model_ir_attachment_relation"/>
        <field name="group_id" eval="group_plm_view_user"/>
        <field name="perm_read" eval="1"/>
        <field name="perm_write" eval="0"/>
        <field name="perm_create" eval="0"/>
        <field name="perm_unlink" eval="0"/>
    </record>
    <record id="plm_ir_attachment_relation_integration" model="ir.model.access">
        <field name="name">PLM Document relation</field>
        <field name="model_id" ref="model_ir_attachment_relation"/>
        <field name="group_id" eval="group_plm_integration_user"/>
        <field name="perm_read" eval="1"/>
        <field name="perm_write" eval="1"/>
        <field name="perm_create" eval="1"/>
        <field name="perm_unlink" eval="1"/>
    </record>




<!-- plm.finishing  -->
    <record id="plm_finishing_view" model="ir.model.access">
        <field name="name">PLM Finishing</field>
        <field name="model_id" ref="model_plm_finishing"/>
        <field name="group_id" eval="group_plm_view_user"/>
        <field name="perm_read" eval="1"/>
        <field name="perm_write" eval="0"/>
        <field name="perm_create" eval="0"/>
        <field name="perm_unlink" eval="0"/>
    </record>
    <record id="plm_finishing_integration" model="ir.model.access">
        <field name="name">PLM Finishing</field>
        <field name="model_id" ref="model_plm_finishing"/>
        <field name="group_id" eval="group_plm_integration_user"/>
        <field name="perm_read" eval="1"/>
        <field name="perm_write" eval="1"/>
        <field name="perm_create" eval="1"/>
        <field name="perm_unlink" eval="0"/>
    </record>
    <record id="plm_finishing_admin" model="ir.model.access">
        <field name="name">PLM Finishing</field>
        <field name="model_id" ref="model_plm_finishing"/>
        <field name="group_id" eval="group_plm_admin"/>
        <field name="perm_read" eval="1"/>
        <field name="perm_write" eval="1"/>
        <field name="perm_create" eval="1"/>
        <field name="perm_unlink" eval="1"/>
    </record>
    
    
    
    
<!-- plm.treatment  -->
   <record id="plm_treatment_view" model="ir.model.access">
       <field name="name">PLM Treatment</field>
       <field name="model_id" ref="model_plm_treatment"/>
       <field name="group_id" eval="group_plm_view_user"/>
       <field name="perm_read" eval="1"/>
       <field name="perm_write" eval="0"/>
       <field name="perm_create" eval="0"/>
       <field name="perm_unlink" eval="0"/>
   </record>
    <record id="plm_treatment_integration" model="ir.model.access">
        <field name="name">PLM Treatment</field>
        <field name="model_id" ref="model_plm_treatment"/>
        <field name="group_id" eval="group_plm_integration_user"/>
        <field name="perm_read" eval="1"/>
        <field name="perm_write" eval="1"/>
        <field name="perm_create" eval="1"/>
        <field name="perm_unlink" eval="0"/>
    </record>
   <record id="plm_treatment_admin" model="ir.model.access">
       <field name="name">PLM Treatment</field>
       <field name="model_id" ref="model_plm_treatment"/>
       <field name="group_id" eval="group_plm_admin"/>
       <field name="perm_read" eval="1"/>
       <field name="perm_write" eval="1"/>
       <field name="perm_create" eval="1"/>
       <field name="perm_unlink" eval="1"/>
   </record>
   
   
   
<!-- plm.material  -->
    <record id="plm_material_view" model="ir.model.access">
        <field name="name">PLM Material</field>
        <field name="model_id" ref="model_plm_material"/>
        <field name="group_id" eval="group_plm_view_user"/>
        <field name="perm_read" eval="1"/>
        <field name="perm_write" eval="0"/>
        <field name="perm_create" eval="0"/>
        <field name="perm_unlink" eval="0"/>
    </record>
    <record id="plm_material_integration" model="ir.model.access">
        <field name="name">PLM Material</field>
        <field name="model_id" ref="model_plm_material"/>
        <field name="group_id" eval="group_plm_integration_user"/>
        <field name="perm_read" eval="1"/>
        <field name="perm_write" eval="1"/>
        <field name="perm_create" eval="1"/>
        <field name="perm_unlink" eval="0"/>
    </record>
    <record id="plm_material_admin" model="ir.model.access">
        <field name="name">PLM Material</field>
        <field name="model_id" ref="model_plm_material"/>
        <field name="group_id" eval="group_plm_admin"/>
        <field name="perm_read" eval="1"/>
        <field name="perm_write" eval="1"/>
        <field name="perm_create" eval="1"/>
        <field name="perm_unlink" eval="1"/>
    </record>
    
    
    
<!-- plm.component.document.rel  -->
    <record id="plm_component_document_rel_view" model="ir.model.access">
        <field name="name">PLM Product Document Rel</field>
        <field name="model_id" ref="model_plm_component_document_rel"/>
        <field name="group_id" eval="group_plm_view_user"/>
        <field name="perm_read" eval="1"/>
        <field name="perm_write" eval="0"/>
        <field name="perm_create" eval="0"/>
        <field name="perm_unlink" eval="0"/>
    </record>
    <record id="plm_component_document_rel_integration" model="ir.model.access">
        <field name="name">PLM Product Document Rel</field>
        <field name="model_id" ref="model_plm_component_document_rel"/>
        <field name="group_id" eval="group_plm_integration_user"/>
        <field name="perm_read" eval="1"/>
        <field name="perm_write" eval="1"/>
        <field name="perm_create" eval="1"/>
        <field name="perm_unlink" eval="1"/>
    </record>
    
    
    
<!-- report.plmcomponent  -->
    <record id="plm_report_plm_component_view" model="ir.model.access">
        <field name="name">PLM Report Component</field>
        <field name="model_id" ref="model_report_plmcomponent"/>
        <field name="group_id" eval="group_plm_view_user"/>
        <field name="perm_read" eval="1"/>
        <field name="perm_write" eval="1"/>
        <field name="perm_create" eval="1"/>
        <field name="perm_unlink" eval="1"/>
    </record>



<!-- product.template  -->
    <record id="plm_product_template_view" model="ir.model.access">
        <field name="name">Product Template</field>
        <field name="model_id" ref="model_product_template"/>
        <field name="group_id" eval="group_plm_view_user"/>
        <field name="perm_read" eval="1"/>
        <field name="perm_write" eval="0"/>
        <field name="perm_create" eval="0"/>
        <field name="perm_unlink" eval="0"/>
    </record>
    <record id="plm_product_template_integration" model="ir.model.access">
        <field name="name">Product Template</field>
        <field name="model_id" ref="model_product_template"/>
        <field name="group_id" eval="group_plm_integration_user"/>
        <field name="perm_read" eval="1"/>
        <field name="perm_write" eval="1"/>
        <field name="perm_create" eval="1"/>
        <field name="perm_unlink" eval="1"/>
    </record>



<!-- ir.attachment.file  -->
    <record id="plm_report_ir_attachment_view" model="ir.model.access">
        <field name="name">PLM Document report</field>
        <field name="model_id" ref="model_report_ir_attachment_file"/>
        <field name="group_id" eval="group_plm_view_user"/>
        <field name="perm_read" eval="1"/>
        <field name="perm_write" eval="0"/>
        <field name="perm_create" eval="0"/>
        <field name="perm_unlink" eval="0"/>
    </record>
    <record id="plm_report_ir_attachment_integration" model="ir.model.access">
        <field name="name">PLM Document report</field>
        <field name="model_id" ref="model_report_ir_attachment_file"/>
        <field name="group_id" eval="group_plm_integration_user"/>
        <field name="perm_read" eval="1"/>
        <field name="perm_write" eval="1"/>
        <field name="perm_create" eval="1"/>
        <field name="perm_unlink" eval="1"/>
    </record>



<!-- product.price.history  -->
<!--     <record id="plm_product_price_history_integration" model="ir.model.access"> -->
<!--         <field name="name">Product Price History</field> -->
<!--         <field name="model_id" ref="product.model_product_price_history"/> -->
<!--         <field name="group_id" eval="group_plm_view_user"/> -->
<!--         <field name="perm_read" eval="1"/> -->
<!--         <field name="perm_write" eval="0"/> -->
<!--         <field name="perm_create" eval="0"/> -->
<!--         <field name="perm_unlink" eval="0"/> -->
<!--     </record> -->


<!-- plm.dbthread  -->

    <record id="plm.dbthread" model="ir.model.access">
        <field name="name">Plm Db Thread</field>
        <field name="model_id" ref="model_plm_dbthread"/>
        <field name="group_id" eval="group_plm_integration_user"/>
        <field name="perm_read" eval="1"/>
        <field name="perm_write" eval="1"/>
        <field name="perm_create" eval="1"/>
        <field name="perm_unlink" eval="1"/>
    </record>

<!-- ir.module.module  -->
    <record id="plm_module_module_read" model="ir.model.access">
        <field name="name">Plm Module Module Read</field>
        <field name="model_id" ref="base.model_ir_module_module"/>
        <field name="group_id" eval="group_plm_integration_user"/>
        <field name="perm_read" eval="1"/>
        <field name="perm_write" eval="0"/>
        <field name="perm_create" eval="0"/>
        <field name="perm_unlink" eval="0"/>
    </record>

<!-- ir.module.category  -->
    <record id="plm_module_category_read" model="ir.model.access">
        <field name="name">Plm Module category Read</field>
        <field name="model_id" ref="base.model_ir_module_category"/>
        <field name="group_id" eval="group_plm_integration_user"/>
        <field name="perm_read" eval="1"/>
        <field name="perm_write" eval="0"/>
        <field name="perm_create" eval="0"/>
        <field name="perm_unlink" eval="0"/>
    </record>


    <record id="plm_cad_open_admin" model="ir.model.access">
        <field name="name">Plm Cad Open Admin</field>
        <field name="model_id" ref="plm.model_plm_cad_open"/>
        <field name="group_id" ref="plm.group_plm_admin"/>
        <field name="perm_read" eval="1"/>
        <field name="perm_write" eval="1"/>
        <field name="perm_create" eval="1"/>
        <field name="perm_unlink" eval="1"/>
    </record>

    <record id="plm_cad_open_integration" model="ir.model.access">
        <field name="name">Plm Cad Open Integration</field>
        <field name="model_id" ref="plm.model_plm_cad_open"/>
        <field name="group_id" ref="plm.group_plm_integration_user"/>
        <field name="perm_read" eval="1"/>
        <field name="perm_write" eval="1"/>
        <field name="perm_create" eval="1"/>
        <field name="perm_unlink" eval="0"/>
    </record>

    <record id="plm_cad_config_parameter" model="ir.model.access">
        <field name="name">PLM Ir config Parameters</field>
        <field name="model_id" ref="base.model_ir_config_parameter"/>
        <field name="group_id" ref="plm.group_plm_view_user"/>
        <field name="perm_read" eval="1"/>
        <field name="perm_write" eval="1"/>
        <field name="perm_create" eval="1"/>
        <field name="perm_unlink" eval="0"/>
    </record>




</odoo>
