<?xml version="1.0" encoding="utf-8" ?>
<!--Copyright 2014-2016 Ivan Yelizariev <https://it-projects.info/team/yelizariev>
    Copyright 2018 Gabbasov Dinar <https://it-projects.info/team/GabbasovDinar>
    Copyright 2018 Kolushov Alexandr <https://it-projects.info/team/KolushovAlexandr>
    Copyright 2018 Ildar Nasyrov <https://it-projects.info/team/iledarn>
    License MIT (https://opensource.org/licenses/MIT). -->
<odoo>
    <template id="assets_backend" name="pos assets" inherit_id="point_of_sale.assets">
        <xpath expr="." position="inside">
            <script
                type="text/javascript"
                src="/pos_product_available/static/src/js/pos.js"
            />
        </xpath>
        <xpath expr="//link[@id='pos-stylesheet']" position="after">
            <link
                rel="stylesheet"
                href="/pos_product_available/static/src/css/pos.css"
            />
        </xpath>
    </template>
    <template
        id="assets_backend_web"
        name="pos_product_available_backend_assets"
        inherit_id="web.assets_backend"
    >
        <xpath expr="." position="inside">
            <script
                type="text/javascript"
                src="/pos_product_available/static/src/js/test_pos_quantities.js"
            />
        </xpath>
    </template>
</odoo>
